Sales_Amount,Units_Sold,Discount,Customer_Rating
6889.444445230926,19,0.3022782436658366,4.633362142973526
4180.166305183319,17,0.0728937753974489,4.254681499763629
7204.817449844602,8,0.4069613095482464,1.9212322567819142
4138.100499365525,8,0.0969000953234947,4.804189732353628
6797.297046688195,3,0.2656456492294755,2.5520253830059345
2533.067308182611,12,0.2389204300573623,1.877450023244764
3706.028305993164,9,0.2611052338720157,2.346837814521085
4890.748159346329,1,0.27498601299502967,2.869107110298611
3981.171896191812,11,0.4641649408521026,2.835759229042541
4588.98552037227,9,0.40346840502976905,2.2690463688180067
4368.514748212931,13,0.46183990104025036,3.16776858290092
6049.0175020387,9,0.15925921498843942,1.9067702164080673
5390.086131016903,8,0.2508285290666447,1.6241442255351952
3659.135940622679,17,0.21990787356273617,2.78205867083624
6110.38114815355,19,0.002721179739498647,3.5305742089991017
6385.23465641445,3,0.21398502889249588,4.50027831706754
6896.431571326459,5,0.33961884405319676,4.785616264453747
6897.000776547979,12,0.3507100325936101,1.4670722197627133
4823.383278624284,2,0.2654173917506394,4.898325700557381
5733.184928872759,4,0.22289492264408606,2.6098886888882924
3772.3654594736413,2,0.17337920118774208,2.2811828640890446
6149.507784034273,19,0.13890393948154994,3.7163936004760214
1358.6958328620358,20,0.2662374701529194,4.930332781686664
4282.029749431528,10,0.30958018068463355,1.2500828499315144
3812.095198439605,5,0.469156009850602,2.522817410319599
8126.654317727777,16,0.20323381681759972,2.520514670206423
4553.893190917102,15,0.3437455107943027,3.918393675943653
4368.618610574468,2,0.321291730481037,3.9145904703477217
5234.7600626019375,20,0.39766361140448536,4.395894085440234
4456.41332465755,1,0.15160726426018534,3.2962396460120313
5812.618554220906,4,0.3194918421555925,2.197402572594299
3884.742145096901,15,0.3781810536578893,4.342821860692531
5433.191325371694,19,0.4167819051690868,1.2677336733303841
2181.557690834269,13,0.015105701210291755,4.301908107392128
4172.150669378104,1,0.19236196370690067,1.445366445942264
3485.2831065668147,15,0.3799573765057091,2.6739510884904814
4837.2878035507265,20,0.016383428820640922,1.3309667440524588
7076.362095541811,20,0.13050410287759245,3.5107793531545033
3641.9120815824767,20,0.09703624637977565,2.136524278963781
6175.819775740163,14,0.16806857929453545,4.04163438468284
7640.733732399348,14,0.20942291586070666,3.243616849787857
4294.475612276818,15,0.355557757824484,1.685901953649863
2428.712048548897,6,0.2616790272523105,3.238802947177792
5359.171697953488,18,0.3158801704090333,3.928533723516013
6160.203447836893,15,0.48848718245493056,2.2884877489786866
6256.682547324168,12,0.146675675786052,2.6037024286137904
3054.762980124705,10,0.17630605627161067,2.3921970590082533
5362.780173286143,1,0.3567003312439578,1.8263320537396641
5833.572066676187,9,0.32599071512420935,2.1896616765440324
8447.391216030062,15,0.33824472890062685,4.5918942768679605
4872.630630733079,9,0.06531663840034718,3.870439927916278
5882.51403389617,20,0.29715605928227806,3.6698822349102183
4520.034242233748,1,0.015387651401082059,4.750521154114461
6042.968117741246,11,0.10698046159728108,3.581621944457367
3433.663053897541,9,0.24650157778934384,1.823254199976815
6817.793233340928,2,0.11835289216218159,1.3919185314445035
5881.159972483675,8,0.2098922110226663,1.0573762437387133
3473.071168311657,6,0.4274100660966655,3.22091961044642
7008.860892086002,19,0.16465957350526123,1.9713550474343453
3084.884355260331,5,0.22410576403330978,2.0297910666462258
8198.843064546722,12,0.1439067014145865,1.9401071253270712
5223.373718634506,12,0.43871558423684087,4.762608431164585
4619.329101325507,3,0.3357083389867175,3.1544037141211976
4268.489102308382,3,0.13788176840040478,3.7297000753853355
4302.859006777071,20,0.19621424703664386,3.117556865807456
5074.827140797009,5,0.26406901695390933,2.399661685433994
5819.397184054518,4,0.4257667545927867,4.165891483715846
5757.030626249478,13,0.46564930494777185,1.4216955557093325
3229.604050607686,5,0.4198238499882372,1.374571984389601
3367.541731600474,10,0.4782187551386323,1.2291439955794705
6210.961402986404,11,0.07047134332837618,1.3407691439809137
4285.52592563241,1,0.15670074105113713,2.3698094693727603
5349.679013759393,2,0.17163436344411853,3.2037197139449103
5772.42547292517,3,0.005457216949434351,4.78549097783813
6869.112706445676,16,0.1460272868453094,2.8587053891343985
3285.6752982602075,15,0.009407024827981836,4.577761657901586
4704.294454177639,12,0.06076548377006713,1.43010379799578
4579.390481283741,6,0.18178291986654038,1.4102128637921445
4704.452489541255,8,0.2295339899151969,2.30877147045537
5312.881523917145,19,0.3069682239498015,4.226867132064159
6979.895096010743,17,0.2907067127733418,2.8923076244318944
6508.279838431029,6,0.04259330874782591,1.4855406257934698
4300.751192941229,12,0.25793896109181574,1.3306532768154176
4259.747380092757,13,0.4307480785318025,3.483418392909512
3854.3068090484385,18,0.14139932985920867,3.947645202370008
7172.290717495203,12,0.39232439398819113,2.4228806047074145
4999.063570764971,13,0.07157483736565717,2.328255898945606
6569.587352375209,17,0.27057167505193547,2.756870294270383
3722.6627361032197,18,0.017772241265354427,2.948119285198723
6122.034540893734,15,0.27759556323565954,4.5100531677994855
4751.035208468709,10,0.06133431051543048,3.5518964823855605
4332.262957591486,11,0.4737435448338888,2.591462941320877
1382.217815429925,2,0.19485980856460905,1.5122176472566031
4001.8106791583814,5,0.0775756671841824,2.762106937786564
2176.078384081554,13,0.41950217136290274,3.073855951222951
3298.105807420853,9,0.34451195943035806,1.909727744903873
3914.5934074461975,19,0.40932713961735695,2.5279800080116117
4425.295056724184,20,0.2869787632091641,3.4211385692723018
3368.838027126201,20,0.1202178922942469,3.159655897692739
4155.517087022285,8,0.21851270151142171,2.703511911713995
5330.687457014277,10,0.48076761422440334,4.522055603519943
8180.685249875762,10,0.49709559834475875,4.332040538391725
5913.465927275876,15,0.4624674749805927,2.538492985186582
1990.7636162409126,6,0.37654202854985896,4.5097731533630405
5071.675241126616,8,0.49920048719633886,3.6330145123687676
3996.387250439807,7,0.3109791147894901,2.591314430860694
6240.5921607671335,4,0.49571702167218196,2.838830768833232
5093.141966017944,6,0.47578443347411287,1.779926551914949
5194.650153713958,20,0.12908684868157222,3.7888728723883
6031.797756280417,13,0.17342640098775158,3.9230206416626836
5756.433827191878,11,0.15247914457814804,4.314208970551359
6188.868231121752,5,0.1779845639402849,3.8432672121513405
6257.1697986285635,3,0.39115173996849845,3.212637616689194
3815.4452324014737,10,0.11434684352120705,4.996194559498853
4422.03716834337,16,0.11961773817677024,1.4548375158668256
5780.850413462133,20,0.30260973805978664,2.0816904472068916
4862.914301958731,12,0.006625902309511877,3.618320857466056
8747.613120372705,11,0.18471228019140995,4.739038431369554
4539.785580521511,14,0.2808906081421829,1.6606647287968057
2772.081496979957,10,0.18373955083144533,3.511332059743858
7707.545757513295,16,0.19535675816650688,2.2981764226919545
6761.366904558342,10,0.006847442308699103,3.616658454556868
4374.404282898666,15,0.4169349625526048,4.12219991067797
2252.2317604187956,6,0.1568578045386262,4.746275106352707
5167.446740510969,5,0.16792628888121353,1.2980451757245284
3873.849176686478,19,0.0025499631601909045,1.5233013153316253
5054.739591014174,3,0.44318741791266886,3.8563634299630154
6103.515011634772,14,0.13586185561540692,1.4294872783973376
5011.998560587415,8,0.29735644131366934,3.91647432436303
6537.769889496405,17,0.09558024919519903,4.008386259833632
4558.00289287793,1,0.12894273647187426,2.5024025053433747
5760.797031494424,20,0.4480459076100598,1.6414599774689211
4964.437884775009,17,0.2517990069918463,4.873011343520574
6934.61189087093,9,0.13320685311960356,4.719523171096181
4536.8420249880855,12,0.4847799483589552,1.9293524350073037
4640.706661806898,11,0.27035353000242657,2.4145862716535276
2925.3403301480544,14,0.2367156764389975,1.2153618098759669
4708.758445935815,6,0.12302623746166574,2.665885223237686
4370.940448968403,8,0.011463995356478796,3.057485921986908
5271.544429943349,4,0.2108878639951099,2.3915173069006204
6216.7731095408635,1,0.41238802235838307,1.1611309786465003
3410.147020475004,20,0.424326535066696,2.627496443316358
7309.260066192703,7,0.2236651751693075,4.453996516018564
4529.215657482734,9,0.2647391948110773,1.1111479155520354
5806.762249505378,2,0.30904682019656426,4.6272772448600055
4887.38906717409,20,0.052467479280371154,4.547816939061182
3666.3105694742403,4,0.14248739062323246,2.557239471357622
3383.6804677853843,10,0.3202395950351263,4.942426224338389
3784.853402222557,9,0.37434231752398267,3.2548960101019144
4846.653881386012,14,0.40384818519840854,4.921366224875609
4392.541471990967,16,0.24005880982674815,3.7427351455719258
4383.9485223037955,13,0.46239402301847554,1.2655450928450231
4453.747142376354,20,0.10809421710766187,3.2850562779597445
4606.98993232397,8,0.4544892929199047,4.900581596464051
5868.1226250541185,1,0.24747049270873017,2.0983970396999143
4779.936230409564,1,0.15476145183377005,1.0399531238497386
3387.869486682146,2,0.10365422443493627,1.3951841254658186
5265.537083521444,11,0.43231832810423987,2.025745996804496
4884.398954578521,5,0.3231480581995959,3.855328715195105
2817.8864488961235,12,0.08012435775975085,3.228803717842347
3462.2243995560993,16,0.3940574433457537,2.8978321526795257
4644.4057626123895,19,0.0711216529177231,1.6020746033897306
4880.332019146444,11,0.3232266532473687,4.793517987804142
7000.94144918304,9,0.07287392508874263,1.0195500236077928
6683.8952982558785,18,0.15809707593651218,4.174935802072621
2914.695228274641,19,0.34114498233960305,3.4974962909336864
4573.848777767645,19,0.4342816806585568,4.967829745079932
5581.088235533719,8,0.4730812116778067,3.20215782555435
4303.987539859191,15,0.2079924203418282,1.2690392826251484
7176.631905905756,19,0.0009890784801756536,3.6173177637030003
6452.666474079587,5,0.06553230898055629,4.519703010793814
3789.6515921516857,4,0.3559744129814014,4.145618124261174
6543.2772568837245,8,0.11460835209482645,3.8070458131018095
7803.131837051446,15,0.42884568261912487,2.6108590623684744
5396.665303038629,3,0.17818584971932666,4.651422150311441
6886.283237068217,3,0.11472672029987796,1.800017029399632
3868.1526965579624,10,0.2961663221989025,2.4810659525111136
6175.608988268576,16,0.14123783024556646,2.278276997007807
3479.400838451881,4,0.07343714171186916,1.8628785654469646
3851.132651790646,14,0.07826854786623172,1.3303706821699186
4371.315415804028,10,0.3628812976183808,1.3636482091855222
6826.557815181544,6,0.29805908129045644,2.326593078994976
6578.276162905113,1,0.32450889133506433,2.2245101447277524
5617.5472315938905,16,0.4621162946161811,2.744714291747577
4866.316813683242,4,0.16134930465164804,2.0615676373963407
7018.60625052029,9,0.0880482190056518,1.3827155201873396
3657.2832160199,18,0.4544975078147864,2.124657723008227
5915.256094646941,20,0.24507025310478275,3.8118248303982902
6124.562044262893,19,0.2820535393299989,3.2808229652113825
6926.69382132046,6,0.44984837438968045,4.5137665121910135
3011.62054965801,16,0.19880969499621204,1.289882023978702
4063.534472837209,19,0.3128134959991182,2.613064872060563
5385.693717353147,5,0.2824214951354124,2.8305476544012165
5703.923159027565,16,0.04790293547197766,3.8527728725729378
5529.310396538345,14,0.1624403866452872,3.0296880290205808
3290.237682213507,8,0.03310523267253779,1.3668465925728128
5306.424601511903,20,0.006638914114083849,2.8872788418403723
2862.035628810542,16,0.04820762609335216,1.0133438078056671
4617.756300356881,15,0.2741975294363445,4.717862902080108
4411.449230779028,17,0.33145330865500955,4.796611323618148
5673.40895033004,16,0.3801891024503815,2.031131917316934
2925.6952912036218,5,0.3269585656674398,3.1708328800582364
4125.316540558875,1,0.487069339376256,2.580504011712722
3668.333423168012,2,0.2615275473595959,4.8639597219183255
3559.6607994917713,18,0.2480828035556592,1.4707364126600244
6873.164607052981,18,0.04054598226728556,2.458935225808807
5573.466630401556,14,0.49638512673774665,1.356273551027051
6526.906280167056,15,0.49323217471103564,3.281047382908915
3981.9948350907907,10,0.27966670816312533,2.345160257063339
5792.952846511617,10,0.08037349662365784,2.6172631075395425
3661.5534220534046,16,0.13369374513589205,2.807606710290365
5209.159651087166,16,0.4726653306736675,1.6346416710547707
3794.793807526511,12,0.09509876970343167,1.7416904702773972
4701.1066541758955,20,0.43359250048345144,3.1049088050489377
2490.938800684903,16,0.38888182269232285,3.1882828705778823
4798.19987220218,1,0.46645362012189806,4.185941417726447
6100.091248335419,7,0.3386665524664052,4.860500575337455
5805.365835533868,18,0.21008797172174581,3.257161877002229
2684.4392717889195,5,0.019776705762302338,1.5301543186410655
5999.876892355772,10,0.18659331094886478,4.065016088269511
4307.757759200937,5,0.32065176150947694,2.7810212846270868
3880.8051868082975,10,0.17145339579187402,4.407175194096009
5183.153035661765,12,0.45462052618463755,3.396822799196583
5975.783720538501,3,0.030829430207758135,2.8876106453347075
6495.931784543045,13,0.11077492836027364,2.5427580095923217
2999.5242036559775,13,0.4452080517903719,4.600348950363971
6369.374036217178,18,0.49736176665349274,4.186667904592903
7592.292632236149,10,0.47408764477508597,1.5373968759320582
7596.421383410861,8,0.2189370181900882,4.751438229885819
5907.746572037778,16,0.16572979889486955,1.5591575212381623
3913.013381813118,20,0.004405153926871519,3.421734646799159
4722.299791994811,10,0.15770355522819363,2.77470919832196
3813.7001476346813,12,0.46305815372524156,1.3108064258261791
5708.1487613893005,9,0.49346629916561907,2.046043484620384
3569.1272754589845,19,0.303041092635942,4.226010696452292
3158.5565699135886,20,0.19366181986838776,1.1735978822332354
3897.3147328797822,1,0.4726448915694649,1.265544732468261
4157.2924503801705,9,0.05821526266589916,4.093250439461654
5868.831494233543,15,0.027995212138587078,3.642420732413938
7584.281082741108,17,0.08463735414337781,2.631562743620293
4635.9814945633825,3,0.005973524270512454,3.214439076128351
4502.725837506338,11,0.0690173086917833,3.4153525798657194
7214.74315019098,17,0.2638755834753748,3.286798003596885
5863.41804444978,15,0.1781126268275215,3.278527963870204
6455.171310474589,5,0.353916645236575,1.440016247791807
4332.279173945966,18,0.2736333923933006,4.934259215739651
4293.4812447647255,18,0.16710604273928292,1.7717195598257
6833.307416142339,7,0.03635286452616188,4.958848823645628
6752.640707908216,13,0.019914586192910644,2.6276617286213595
4017.519305631825,17,0.07036013963346044,2.3494939023423838
4261.083065929386,19,0.4359408184100543,2.569378138784528
6893.7242783415695,3,0.4299686522938051,1.7863426310582922
3481.819751917503,1,0.039415377897438986,2.5511294486941023
4117.335327158159,10,0.3269582115491705,3.158478817730481
5885.618549638551,9,0.013304430132005052,3.172825870551196
3277.4431526410717,20,0.12573413721055182,4.044693959246391
7007.780603500952,18,0.020744913879402693,4.106161549639962
3311.4723190503173,12,0.0009083952002388873,1.437254636310561
4803.038168915334,18,0.2517577301614032,4.5368462036288655
4020.2612519051445,19,0.38451218202302545,2.6862886841977924
7667.909269435075,17,0.03760310755157553,1.9889398051215763
7729.6688041357875,9,0.17399645779130252,2.39824430922054
4637.694368599122,6,0.40765119168395847,1.5289389346253532
7421.836912061261,8,0.004754785318385246,3.548259202552333
7940.678945362077,4,0.2796726353425786,2.424108650552258
2808.3706106959808,19,0.034607104756150586,2.4662149670327933
7092.931372642148,4,0.302320990381162,1.8597972703184675
4911.942418804643,3,0.2573150764266992,3.46553627257232
4587.062176478182,17,0.36753442353010135,4.2624860387351
5378.553089808736,19,0.17781869351880636,3.983510105938954
4384.864963974752,17,0.3679808686950562,4.565156996652944
2969.946210327128,10,0.36260067204833646,4.492363531067358
4557.909327222318,7,0.37568380630644954,2.728629350105278
5918.211605497659,13,0.3047029950625669,1.6393577008818045
5253.987942123295,4,0.496760551741945,3.49848910747954
6284.413602726297,2,0.29689562338437514,1.0119793783682445
7313.027660707036,16,0.09875924839334088,3.117482305978298
2766.9890200103832,3,0.22484548935866633,1.8533877177572382
5245.589270969817,8,0.4727797973674078,3.0647256108654575
3783.6874138636595,8,0.05103569557518284,1.5425770921253936
4513.408772120521,12,0.11579629739175834,1.668580751561716
3837.6135113659707,4,0.012213812591949147,1.1263820493219887
4993.525211400501,16,0.03669613241376818,2.6168190003599747
4447.432371993194,8,0.10882013729140555,2.776772728413423
6693.1118557001755,16,0.3902355350205582,2.2912411416278373
6511.34039006338,2,0.46864178338915685,2.835787916416054
7278.434997339362,2,0.05788054437362444,1.565773533932111
6134.780123428132,10,0.21561873890961164,4.562672959936741
4324.529457750667,15,0.43010865867182646,3.5023729551693803
4028.163267218484,20,0.15907827308854533,3.0654113032646326
5814.070380680031,16,0.2961090626933147,4.154852160388494
5926.738522594043,9,0.4375585259150768,3.8212004971066404
3864.3988113357054,1,0.3679449340492967,4.620914062729465
4162.9987945154135,19,0.47321992090863185,4.32172873246045
4517.947527796342,5,0.269687390979195,1.4507493102568576
1894.099060401943,4,0.09533837171364423,4.1636368327264055
3373.7371361936903,15,0.4771313181961451,3.827810410769576
6167.273153124086,16,0.02451005207375656,4.967845731321052
2853.3740678340414,19,0.015812125834512136,1.9406794061850543
5647.364474689516,7,0.04825887872290896,3.819586436430522
6142.056946068086,19,0.15434933326244554,1.6683847588242129
4707.300385258928,17,0.17176161888414354,1.5343712081506657
5403.935316072348,12,0.18885646123324396,3.903835769875831
5302.095038241421,3,0.016064000540704282,2.722715595209471
4632.562789870024,5,0.349433060515167,2.2058367379171973
5054.464706891952,9,0.4588937244629792,3.2046060004935257
4968.082390468881,5,0.2886710370794196,2.6872665459222973
4231.179407315607,14,0.2231891994651618,1.2564542570872863
4497.487966001929,7,0.13381246324144547,3.4889998355052967
573.6038677027627,14,0.4810743582603951,3.7188246995230876
4377.033225297233,18,0.44798233829838985,4.526935802900612
5474.52553421171,3,0.3432052531838004,4.525880328717689
4555.538506742617,9,0.00951394885158735,3.3722566001845156
2184.5387835252322,2,0.11829369250180843,3.9952293191916985
3730.003910407023,9,0.18311195025501192,4.443925242070639
3256.4386599465533,17,0.058516742081771544,2.493293723817266
4808.7132963775275,6,0.12825560668809843,1.956339035567035
2642.5918911469676,5,0.38622523712310386,3.5087862350909678
5480.865669299132,1,0.37704960768037515,2.916778730663454
3081.0507325621174,19,0.282088799184459,4.970887723552517
5425.455921968311,9,0.1675997669433063,4.3493189143448046
6201.378862082349,4,0.1358704078882823,3.5679037109733223
4122.822323519343,12,0.34088121310397884,2.0869458517071346
6447.853669493912,13,0.4053325299137905,4.4806409707814385
6954.543039314805,8,0.17773791457225285,2.4808257678659613
2854.6339463915383,7,0.007008614695398041,1.3265243836513911
4546.791365872551,3,0.27177953311513053,4.4714439978806055
5181.209418618898,4,0.22381013987991222,2.3659883615011714
4084.0749805417163,2,0.09765361979769155,2.060529370243464
4856.219267856173,17,0.21998722056981412,4.345240065798331
7114.672054751829,7,0.07859181902353807,2.6934682552400497
6199.911159034572,7,0.4072092991762321,4.686114705776452
4614.231409346954,12,0.4252448333320286,2.82833463488531
4512.861206186445,13,0.23969672044852813,3.0789857422086793
6226.231378452296,19,0.15279431758507095,4.852537927833039
6632.63074752718,7,0.04017114912522424,3.008504874092935
6035.110007825086,1,0.199856024239621,4.207122056115808
5160.841036846376,2,0.4402821622157815,3.2067246692923406
5843.592938342432,9,0.13246760136863078,3.3859655380030316
5133.02145063493,8,0.25841653480224075,4.4077046766590815
3633.448923835487,16,0.43827667710518536,2.8344958870156605
3552.2467929270083,19,0.2712356197104608,1.7667212205811764
3966.771041172001,1,0.40452060513371424,3.3390303866828313
5291.600549202483,2,0.16556340743744785,1.7619399332130068
2812.872717273668,7,0.03110438795792153,2.411859667403053
2630.1988184241513,20,0.251079624429086,1.9502890581619559
6312.174336106407,3,0.13418064234174365,2.5628575053100584
4424.043657234438,16,0.3980097527442738,1.8732345414281286
4169.943409805002,19,0.4754608216934078,4.133747538319367
3768.30090775184,10,0.2114535480069512,2.039346424583485
6743.381623123713,9,0.1723784755675276,3.7227943660406453
4258.188869669086,7,0.09792228730061098,2.378277104318477
4519.343429496868,12,0.4589813535487128,1.5306049975070826
3263.046377341553,13,0.4239636949099378,4.63421568802118
4925.183092984041,10,0.036369010914253486,3.6508012536143264
5952.014340588688,7,0.21786747313196148,2.7883350797573137
6696.138075358079,15,0.4548456483093436,4.154242176829897
3009.8099478167205,6,0.16604384599385524,2.384514559055635
3630.5156298617876,1,0.16030091387363704,2.5742878816283836
6448.311771167774,20,0.27391993788860697,3.6671979505717385
5123.982841281384,17,0.3726702797353092,2.8168610536656535
3661.0500533456166,7,0.2911398983734155,4.985430573099247
1580.0718983744337,6,0.06725062828278877,3.4567533528275884
4235.232377640633,17,0.2965762155531663,4.6177470210503575
3728.2212293354914,7,0.26252191614266407,2.5425414880245625
7905.014962377651,15,0.007213834896649285,1.9966867459884816
5648.19209706781,13,0.19882412704122265,1.2039562557077184
3455.129446701815,8,0.30636587609581445,3.201412842043745
4351.819008599854,6,0.4073421917072487,3.5106652979235218
4870.064179917145,9,0.10509221983349798,2.936648899787842
3615.1036383658347,10,0.42188858893277914,3.5637886218177273
944.7397155864078,7,0.05135424096971758,3.678432086305327
2174.467790523523,9,0.09086147823566754,3.697459988502899
5239.05510469361,16,0.4231560446462194,2.4209411594883243
6145.810310501846,7,0.12499525166149161,1.5195672417965196
3272.119301030616,11,0.11496826512186831,4.081271753927408
6859.427972085288,17,0.09724032767012669,2.913556660051891
5829.96643756135,15,0.1710383631642104,2.1836506779913227
3731.598491372257,18,0.27138244902987724,3.26533602251057
5835.67365853654,18,0.47721324383649466,3.9198105459851025
3937.8061553083708,6,0.06133874939699596,4.862324720553968
7384.045088550951,18,0.09014736717857746,2.5062671827186027
4153.308002316247,4,0.36038219283121964,3.449160609766974
7386.775375814389,5,0.13388072113032146,2.091210105409577
4635.3250606178,13,0.35290276512181196,4.461849288654857
6537.309583965138,15,0.2562580563414226,1.4626117537534395
5585.395429941429,1,0.12135429529129121,2.487658080186286
6446.1355964460745,14,0.3029022213570564,1.3363792793241829
5339.197228360743,12,0.33798305978818244,1.016982845606555
7452.6352925977135,5,0.31103659294844543,2.8437929323076467
7557.007971347736,17,0.16256586194867045,2.3297988988008216
6543.7937124018545,10,0.4501114201652107,1.8754230997436916
5358.756437687075,12,0.4585273049486025,1.4573331711173063
5086.306549266641,3,0.10650676570628093,2.2678355608772374
6594.677504642224,8,0.15888566660985304,4.4511493951583345
6413.147738164689,2,0.3605473470581582,1.2359192706565794
3340.6182364656497,1,0.07665745718900757,1.1640848025808896
5887.6511859214515,14,0.2277486927684249,3.164679005787764
5668.696174056689,7,0.1521134805403349,1.1976875481979037
3767.164809930804,10,0.370400867981021,3.8080975728452726
6867.755481718682,10,0.10330309617467931,2.2666932690101422
6276.5227461221875,20,0.24064845055344153,4.424335671337427
3614.67967063816,13,0.40050127551942866,4.355057765166273
5488.228968712222,20,0.4057517577004507,3.6262866610468025
4199.188776128007,20,0.2292629591248287,2.751414888555051
6223.444984642577,1,0.06282068228528709,3.9712653909220927
5643.235059796247,14,0.42497326258838797,4.334861171954169
1527.5307346514132,17,0.3448736100168339,3.549689933173803
4865.174595273169,9,0.4144500838757626,2.5883444314329656
4594.296420938899,6,0.06737123956361651,1.563638712180481
6213.658863064252,3,0.05126588891335376,2.1408257160603212
6657.112196094798,2,0.11276460255466991,4.615449005057155
3889.7965746553255,8,0.27414738941031846,1.3076632099908765
6925.49384505856,11,0.08467211045497747,1.2585877028095296
6079.785381065036,1,0.14070973702067802,1.1811043490350328
5359.730093248174,13,0.44130793216975184,4.1032221282146
7470.966364332258,20,0.002553182807442489,4.059325361680411
6576.397773624203,3,0.42641988353309535,4.031583610659256
4512.214669177364,9,0.21300436728057281,3.3412632348412843
3852.2043196290056,16,0.16403019675248826,2.9722538647171524
2886.075629167969,12,0.19358660497456043,1.3983450138637692
2673.2507763130925,6,0.25699232245228104,3.981279582052046
4999.06418168157,6,0.30832737015514833,3.154948782989804
5423.454797996792,14,0.0951473911727797,4.7129974601538365
3871.6787091051356,13,0.08527298085687496,3.320188278638618
5575.547314916578,11,0.3642785087086736,4.099967564447769
3289.269632153795,6,0.40515678294839996,1.957682543205665
5553.2274303971135,15,0.3593930090181593,3.769855796339853
6192.484913482294,10,0.40940126104484975,1.649382089982356
4837.551079523292,13,0.48948405641429066,2.8385522866463666
4232.9303353015475,20,0.3220585749304232,4.767063633941582
5064.1160762271875,2,0.4395329164645851,3.4927910250525613
3365.724350222078,3,0.3575224418365696,1.2283880034427597
6058.094087002524,16,0.28562915630404534,4.786407525965729
4283.328313374523,7,0.23089575353425512,4.673706994346222
4808.555844299107,20,0.270071870700905,1.1177158622490282
6215.380963970011,5,0.41465018117744584,3.19934510010495
5931.691580761939,4,0.1638441849212775,4.873098374876047
5416.183084818666,10,0.26402605821441055,2.055317032540478
6011.711538678829,15,0.14475354826037995,4.0558679373700866
5714.290551271299,11,0.25663903268218796,2.753238504764286
5894.09013219082,14,0.10216607748201523,4.114367044701847
4280.589905620916,11,0.33073714524482,1.523083076230121
1951.6479859575788,4,0.2805451441945469,2.3375526604417494
5520.1477829678115,9,0.09049163139594119,4.55912051443079
5878.079164434206,6,0.0350805154318779,2.5083286749850546
5356.7346192804125,6,0.4811011497811327,2.886000182641217
2417.2166093328706,14,0.02225270931895873,1.5560808167349198
3209.774542093629,10,0.2680807310664355,4.444367994799474
4629.300532161088,17,0.06909463967833596,2.8367056073156194
6450.116948218413,16,0.02535619971905695,1.3656858653559851
6771.377036855243,11,0.014418676450648482,4.593155382958077
5377.56287289406,1,0.4334621702519024,2.7843307054769344
2675.7033497378575,5,0.4824717538196948,4.248808064173483
5059.903401340192,10,0.41815471161734424,1.4952470723255735
5956.277095858665,19,0.4715802034751123,1.801692074073153
5548.5030157218625,3,0.03915423869789425,2.2899818690925473
3255.377776476173,5,0.11093296512016892,1.6783641779896348
8472.398472958794,11,0.23233516149248118,3.076953864288746
5820.55005854751,3,0.22989724576225762,4.780261119097483
4243.051804329961,7,0.09102882344921942,1.3473008884184305
2015.862228484124,15,0.07702144064526434,2.9891655619378996
6662.350316351221,20,0.03335611594624871,1.737964773246358
7428.49785867079,9,0.008401279873379741,2.48129374581395
4202.298855600915,17,0.4498263908838347,1.2443575841731187
6362.422108227265,5,0.0022889327975380014,3.290375606698703
6475.603584175106,18,0.1436394395455063,3.385084526288157
6940.678917030799,3,0.40075471711996363,1.3193082955817559
4978.819311367086,14,0.18855032920147352,1.598096135304771
6594.721288843345,9,0.48834265748936545,4.96754983221283
3158.752723122031,16,0.0009236106824999091,2.2224550878273543
7975.5942492676795,19,0.253853892677488,2.3601336963906365
6585.416670674296,8,0.4359966042319225,1.7223839215810117
2929.6300619769177,7,0.3796269200084223,3.187658252485837
4488.658671272415,14,0.4239011618597219,3.3362041303782397
5857.440596770279,17,0.08483752726846522,4.244094143991795
6820.714028794876,8,0.23839871390430012,3.2452938415631483
6190.772461401345,3,0.06140199517777378,1.0233863879847198
4342.589829733035,16,0.1137515334482967,1.7757725156145496
5824.327093917727,20,0.09567153539113349,2.705830180005832
3420.1781518227067,1,0.31670178719806685,2.1537927787391538
4085.7829113556036,19,0.09096010112641323,4.544539887861079
4123.870697882118,19,0.22695238773421345,4.443118320463699
5208.088180222882,15,0.29439007508495796,3.853609381572759
5287.224146687054,1,0.399436276473224,4.349884587821526
6170.667057047083,7,0.18807638730208437,1.5850477540194983
4475.390218671249,15,0.17432544461866561,2.6367742615074548
6487.148671535991,15,0.05031388099755829,4.2616501936386175
4424.735855066256,1,0.21592036078064542,2.2168390505590136
2063.361540136878,10,0.18869174363525404,4.324394527591202
5340.337200490075,16,0.011573918103510328,3.7426686769452018
3857.2073537965207,16,0.09271629430561579,1.4338724932915108
3172.0372330215814,18,0.2298483407229952,4.970786717998694
5279.455857636969,1,0.33357377074775824,2.7961974995907477
5060.425964792715,7,0.03508603219175016,3.952193110203219
5217.13084334042,11,0.18284621807815438,1.0894386715081303
5935.183619399653,3,0.4493542678437935,1.3664170767288821
4916.75295092908,11,0.344688705640704,1.2242468894508423
5728.357621656938,1,0.4546067473877094,2.54028045740512
4975.619736032889,6,0.45348068530236335,3.3604417550070536
4499.955861091834,3,0.055131885512082535,4.421285624985596
5217.502016881331,1,0.4066793563174156,2.918000986595353
7704.775971384692,3,0.017027102829848095,3.8273667418934614
1386.6226395392855,17,0.023194448860736405,1.0536446605967678
7395.19459363374,5,0.32472923537608445,3.282434600978537
4402.091349417653,9,0.10143479751136586,1.7865059676136221
4117.105464238537,10,0.01027752664520748,1.8426277433339582
5806.791266262607,14,0.31966901675954307,4.573546719666643
5641.565771279051,12,0.19500331043813163,3.1132961763585496
6513.789588662483,7,0.06212867300837238,4.35731581413888
3639.341533012789,10,0.23013338299899105,4.481163600303368
6201.237660323293,19,0.14525134548736024,1.0762437475996047
6946.165134056902,11,0.057604510952162125,3.709882274511977
5325.362956191881,4,0.31323514524865503,4.148885439439116
7260.782191708266,1,0.27486479691540205,2.798086778676905
8128.195701288771,9,0.19432417381874934,4.390981462593961
3236.132558888313,5,0.11922992768987434,1.5510515062267602
5340.337363864876,20,0.45279367881998656,2.111671421669757
4250.7632723692905,5,0.17908413147350682,3.834112597160276
5177.07165194158,9,0.4404698628971501,3.830823356791398
5461.017904877646,14,0.11777810292110491,2.2498324062077413
4580.502663074884,20,0.46601611948181076,4.7428113913277885
6411.884268276584,12,0.051008663509828356,4.068403599251461
4319.28409648708,18,0.05133073663953108,1.2938505397993931
2504.3126179218802,12,0.2923123940916547,4.564241547938305
3535.036547130992,6,0.40650388206946614,4.36941776004221
4110.943172728942,14,0.2397176566965959,1.9259638769997403
2604.0560617721717,11,0.34200994159937803,3.233448215230864
4081.3720741156994,2,0.47094888674921176,3.776619244180913
5335.5547687362805,1,0.2197153237382633,2.5467092100197615
6380.690758056022,8,0.33462963472659635,3.344260517133131
6782.884582078415,14,0.3069946710265949,4.016276606428492
2225.273120382608,19,0.1840857890102624,3.049550029437279
4638.90035264898,4,0.44845563640196734,3.5431239480823065
6895.248503258666,14,0.08690175955691165,3.4222857644480746
4324.015627018483,9,0.26087684597542476,2.5989594806131913
5035.271580767059,12,0.1128764302146425,1.0268052684993436
6365.568591862353,12,0.28998310235947583,1.5395976557772766
5451.614079485684,15,0.10856295131002919,1.3432633249603194
3645.400073058019,2,0.05168872373953204,4.976920277811258
4809.53488351737,5,0.15391078419298898,3.9822412372427975
4525.577734586172,1,0.376642417232727,3.1243222374076858
5439.539258363569,18,0.21978264694396332,2.1425169759180664
8717.624271663999,1,0.014862238423115959,3.1756795036697016
5590.867048142123,9,0.06047569917349571,3.188299072567066
6775.622541931395,18,0.41866726180298147,3.974760072746207
4759.769584435916,9,0.3453167005528209,2.435381961481018
2800.689815837199,12,0.2426376659352818,3.858997876232937
3851.8308503244657,4,0.06452353062441674,2.8190433288936956
6620.693242533548,1,0.46399426562195933,4.774307117796531
4921.020918908208,15,0.18108338572763355,3.861655493495152
4676.337199751193,20,0.3028319981269785,2.84914137792037
7383.434560851971,1,0.4082701120335501,3.7576729213896285
6197.09553363361,11,0.3647766348500623,2.69903555251832
4889.546355192395,5,0.3747499557768397,3.0972119081254323
4175.622794218815,19,0.12408093019180327,1.9227678781132602
6473.159632955261,10,0.1748854385564132,3.919238287009874
3995.6523825390614,14,0.39157996892385705,3.250133499224944
4054.199272307482,2,0.48289443492916434,4.953383932134116
4094.335186515297,19,0.028076139257899646,4.0308832813508015
3653.844090309263,9,0.36514911931618826,3.1842866884490637
5462.243253388144,20,0.0492851109005773,2.720842769390767
4746.784312384842,4,0.22410645263790735,1.0549529058179776
6414.180028660217,13,0.39262131452595617,4.172630836697212
6297.4237027058625,19,0.3331208511841223,3.8372657211603327
5136.756247760715,7,0.047363630538182655,1.0776450813243343
4936.5883010276,6,0.17936027322257386,2.742087261684244
3544.4115044090813,11,0.37208475638660493,2.342124380232881
7317.980355671754,9,0.057801503807900556,1.4348596049853222
7359.066921213068,3,0.1484612667717054,3.740845676270983
4446.970729829188,15,0.2753388535336755,1.7236179472811286
2934.683612270116,4,0.45627291921356133,4.123515930585555
3143.6532906677685,9,0.4051379799412243,4.723258580730171
6106.845933078343,14,0.09053675266797923,1.9338982172479624
5924.238403033197,11,0.4419438500335638,4.952310876704933
5456.198487808335,6,0.13578185447062208,3.1292983581194576
4743.107514076423,19,0.03787839584341507,1.365916528639636
4375.4538889909,4,0.0754667467289884,4.875178640618799
4033.021088388948,12,0.2870454756080134,2.069211063063652
4850.538556233605,3,0.485815362897535,1.3182218943249273
7422.289716946618,10,0.30700401898231616,2.3973175135071014
8796.31100363248,17,0.09774657809780496,4.880403244540716
7249.3916430561685,17,0.045152835639675704,1.2915359274144702
8664.847211994367,13,0.48450531854991225,3.874204166071165
3498.0018226819393,7,0.13299492509896194,3.392990908035275
5318.657142273605,15,0.1468786985702079,1.0320631760158068
8062.032486466645,15,0.29350842237510927,1.7223763744576828
5571.636326543356,5,0.47871131223770447,1.790840197410243
5876.371284460402,10,0.1820937376251931,2.4028719160668364
4803.338428850715,18,0.06679563555122409,3.978429366789712
2882.9816237967384,8,0.19806540537881817,2.7810150805733005
7514.356540373234,18,0.2321947878187614,3.0779384829272844
3571.017324203691,18,0.10184182040742001,3.9887184259583153
6802.2582360291035,13,0.02395510403096729,4.949612303980755
7864.877400988844,19,0.38007709613907875,4.198988900009619
3984.6751780861678,20,0.06224937128287439,4.389588745851931
6000.637139941968,18,0.3762771256034442,4.9320752731878175
6712.490301411892,7,0.3207686405965663,2.153923208102601
5672.72448181006,11,0.09890559403715055,2.9220513186384003
4742.339845995428,18,0.2780939048383712,3.800851679096309
3187.857802036319,13,0.23880954925712905,3.32784525775122
4707.230709322837,6,0.33348242834943237,1.5461062908364118
4432.533563943176,12,0.01899985002971033,3.744733923437735
5843.329114190241,16,0.11414631214982557,3.1515995006121
5266.346481359419,20,0.29806794615983834,2.151283530228085
7131.501871830036,3,0.42615511700695197,2.8133351967836004
5296.505148221083,18,0.17373565192322077,1.3520642135243222
4599.902563162566,7,0.4145281795595783,3.615294400171706
7927.097942078224,2,0.3553441413295591,3.6817861239350855
1375.8529074052763,7,0.03910287936169354,3.7539869400745625
4661.007461565967,13,0.11563929089589753,1.9611473461389424
4928.851507455061,15,0.10422201107342438,1.7617036545427842
4517.215317632341,4,0.40262784123535594,2.0624424653031537
6614.258644434804,3,0.012985216731502713,2.8452873240089374
3005.689033185641,20,0.2743967516408615,2.9480171480412007
5563.37239780103,1,0.32473226638393526,2.0415416015651195
4497.076276934192,9,0.19660950733542698,1.9039855655410673
3102.960010750254,20,0.08201222472192221,2.8073322628877952
3907.972769552994,9,0.0645367131347484,4.315812223504389
1530.9855727971412,17,0.17659014889475105,3.1044952510144608
5259.321696464764,13,0.37360533528508666,4.3699471551033024
6743.545915487627,19,0.12595120773988455,2.630048259826973
6155.175173366091,12,0.2635461582374881,4.425088372981805
4518.361498080427,11,0.19232173400270736,1.7222020807134566
6513.436704047007,16,0.08076427082865217,3.4103328826283725
6989.1119568426375,20,0.4597700245922876,3.1717988919526228
5768.808822222471,5,0.2729461417857732,2.5571058586430797
6997.300698399377,17,0.04159187559086286,4.2416156344471005
5759.628757543083,19,0.29810807005911305,3.1793885639550536
5334.674387957624,1,0.24082440421849893,3.039026205158264
6880.954665816718,15,0.17746704622259268,2.6663752657547115
4206.932868276672,14,0.13205687837804103,4.192479482771612
3795.9840489745993,20,0.39349859100447826,4.691909231398842
5033.776123652686,15,0.07393438782471612,2.5566623486943945
5230.695405438667,7,0.2902415093947756,4.308467363960064
4580.801190206758,3,0.12714092833664686,4.6292506919229055
3926.3158802720372,15,0.3736800353586085,4.144211130507376
4461.966010181334,14,0.19567671778382656,2.1909309527748024
2371.4981375975813,9,0.37976993506247037,4.984874712001762
5972.877697472345,15,0.4604616547263055,2.3222758631860616
6539.833034785308,6,0.13419530577879485,2.947120487717762
3878.743727074273,16,0.4892979410777235,1.3333723263674502
6295.186640688348,14,0.26084149756992764,1.2394427195001878
6129.801642604231,2,0.49287605496359244,4.547684816802288
3596.4709878827753,14,0.3605797713885798,3.827251064918605
5541.608553531851,15,0.2921721641436366,2.7317845749747987
3564.8679771289553,3,0.39440711348306745,1.6796057008631688
6159.270282743789,19,0.46401145369021907,1.6566221284235167
6033.359671065955,9,0.32854559862195976,2.517953139575957
5018.52978318078,18,0.4258003490757594,4.560766701783984
7567.747689185886,12,0.4269397374641101,4.258497754414536
5347.950843397957,16,0.3786554706335645,3.1883968307366155
5960.2932599526885,14,0.16936539509667659,3.245281061827736
4322.974056727071,16,0.46417179086644456,1.6700892433717986
5415.257897859658,19,0.46144390358430765,2.6793733012479537
5175.208438099182,20,0.3611450763770831,1.4593082044507995
7096.074783041495,20,0.3535618532149989,1.5399953197831655
5080.898344833711,20,0.30297945875202065,1.6210184658684472
5815.931055657244,18,0.053206559153170574,1.247989108720906
3001.7811723923137,5,0.14718647132787438,3.562803242142631
5411.620168788104,8,0.17586531112272075,4.523508792546761
2826.976644741569,18,0.0018084925243477268,2.49192010733341
4713.173467824038,13,0.3103149864394825,3.4877212403482942
6683.426792657981,16,0.16233015322997107,2.6819893185420343
3314.4709925783436,1,0.17585447067358034,2.286915294699762
3283.709653749694,10,0.3574623078200763,1.9954957705953467
3373.956663039865,7,0.10149106119048401,2.586298929358625
3225.3684540781524,2,0.37477370720879716,1.0992249667456462
3781.796102451376,3,0.4342358919354409,1.1690513615147604
3913.1255465651875,12,0.41363768919989446,2.400458237867816
5167.187588674301,7,0.17743210431726752,4.0415428304263745
6653.157930390071,17,0.456081785202839,1.640492465359547
5679.36532966869,17,0.48148639054771986,4.866816566618435
4463.398338559287,1,0.18033102829487418,1.9599395153070756
4622.6853354482855,16,0.08254286157670199,1.8881090286219582
5524.307917752696,8,0.43410305007287925,4.649010957093424
6505.7745121066355,14,0.36093706882119847,2.9279512415685787
6167.252213115734,14,0.2318758905034085,2.5522901629458614
3708.829366303306,2,0.25068848796134835,1.7595907836850002
5022.1590626051875,17,0.4619097335630662,2.9344567638338774
1335.776933283154,15,0.35161606185543604,4.992451142073413
3907.3041043680164,17,0.12708957275062754,2.4596414343075494
5990.220564567145,2,0.17941019569492778,4.795172979732592
5087.762805658414,4,0.22177327748554843,4.201950654221185
2569.0053238465407,12,0.3368341364296401,3.3803007672833423
4431.471428763818,6,0.146429514370764,2.777985945975371
5341.8938149254645,10,0.40389040606735077,4.196245430724261
8314.61234254788,16,0.40236619478681357,2.7766234427129888
1890.1277380760275,5,0.26032173029580347,2.650492620256558
3085.828170842017,15,0.3657453215661215,4.9021668384617385
2795.5762558457764,15,0.36118313064838414,4.021327599954748
5074.138302041039,5,0.42987411460053293,4.3218454677678775
3306.4020418249966,18,0.42757150908533453,4.4931217194329385
9340.801720128064,11,0.4397471325735926,2.93244123542158
4427.3866085316395,14,0.12336628603083816,4.291460547638013
3106.3751657027015,9,0.10794959751816896,4.415388600649086
6613.466795263101,14,0.09833302740089994,4.052832647750578
6810.700517937188,7,0.35276959586863327,3.087576384857246
6203.906594534403,10,0.2715424607934477,1.0641001668048031
5657.3651491174805,12,0.4436194437902997,3.921162703211877
2195.0978750233303,12,0.18885725802500059,1.7446155416554623
2222.301038715903,12,0.044764929024960876,2.7704525403826215
1818.1292113698578,6,0.10026522126147791,4.535951686238077
5430.2635153659,2,0.04341702921229046,3.355057539563471
6100.749724295995,13,0.443129320167689,1.6784333487159397
4790.715652304425,5,0.2748786856323068,4.491758173127471
5400.55252207673,3,0.08895575526454486,4.273314176613402
4661.143250690726,7,0.23576003146613445,1.961346418415693
5534.060589160979,17,0.4184691733539005,2.0406243646508697
5057.879482733768,20,0.4736550595473352,4.287722804698473
6232.405367060091,13,0.4486242225254918,2.255434816843695
7683.206839350302,4,0.005087448214308676,1.18640171137578
4008.858852099806,8,0.16781133144994176,1.1000692470715374
4752.1827747331445,19,0.21275695548330725,3.5751219038877595
6487.524315326985,18,0.2072494316964562,4.454639864475559
3608.731163104863,11,0.20377342450945407,3.225648800625107
7126.852253491586,20,0.048481002903119796,4.257244435442848
5734.289300610701,1,0.22828253167678708,1.3729747625932047
5914.888111283856,5,0.14631569435302594,4.533937822284006
5895.494612185539,7,0.2081313900240766,3.6423950560345233
5031.3111567230535,13,0.12453059358121316,3.543998968237784
5221.585552294796,9,0.01990899937033036,1.2723946068742324
1785.4702721377303,16,0.3541855445512574,3.8923473319670134
5025.405008971428,6,0.011749162228667787,1.06708985226603
3057.882590901459,10,0.11125946022364364,4.269787098463869
3326.4526810613215,17,0.17894692913954802,4.889968648141567
4979.182089634725,3,0.3825421919468562,1.393897443293906
4469.430789618973,1,0.2385342995335742,2.1818936815490386
893.5814839325776,14,0.19617679312593256,3.1321490271490666
4373.848550034141,9,0.4462212136566594,2.3760177917544802
3694.44708045659,20,0.03747466253154552,1.4458132284373884
5233.180010022959,8,0.4594410115459999,2.0906785460062425
4155.837055446906,8,0.17472109756717302,1.1286001421807526
5597.3038772200425,12,0.4839382320656312,2.4255025900477416
1372.1842294185471,12,0.3009557294611657,4.650002683329117
7515.114451992165,7,0.4427719502961114,3.9251131766991567
3804.2344557941815,20,0.16393075270948831,2.8324938631090157
6130.753174021592,4,0.41117736637333346,4.548597253155249
4072.5887708457194,12,0.291320484484295,3.259802109126237
4609.1537717978545,1,0.48624193005179067,3.623245555743937
5248.123740790632,11,0.09347390971556174,2.0282412788106807
3423.24804440719,3,0.46525130246825985,3.1852205707114876
6196.552952630731,14,0.08256903940168414,1.198748693879479
6151.87637381805,18,0.41661358925494646,3.169012526721636
6297.271349612566,2,0.207855539222223,2.7863981427772186
5403.5783376000345,11,0.35547492610620646,3.0107161345184488
6380.441512490086,14,0.18877439951598912,2.695464777439289
4257.999071696848,15,0.08726229179864836,2.487717291303472
5232.940203385785,20,0.26995960935800034,4.167256552545622
3806.2207550556222,4,0.14946069891690744,2.270791428338732
7032.330836158858,12,0.27323790554940725,1.098440362317957
6026.066994420149,8,0.21771637697889523,1.4177618717736435
4600.773269111204,6,0.2993923801563194,1.0925748938281363
3597.10220495275,18,0.10769946969251937,2.1674927719772663
5180.255303077363,2,0.22404569171227212,3.3181453874570885
7026.273831340251,12,0.33348693790944717,1.0415498804321999
5065.718673603297,7,0.32655607150976473,1.1081531965371587
2235.414085211506,12,0.02231341250141816,4.040156222225688
7119.859246899723,2,0.12386867943112734,2.8029251185874076
5386.106054530543,13,0.3554873621397223,1.9237627373621513
7057.654913549333,9,0.04209578394513547,1.8952070088515676
4011.725529039415,13,0.10479591275306027,2.8895363937015954
3504.8016932045357,14,0.3565284242314506,3.8705146220078306
4297.938350315665,6,0.28828796072315566,3.2889358461728064
5411.795437597244,3,0.35590349791821074,2.511578320540665
3760.5547162849375,16,0.2197370206446853,3.447611960137306
5192.794496363955,2,0.40152337348326855,4.491156155946625
4950.080757552448,10,0.3726523723275923,1.780406730901368
6178.139761718562,9,0.15414362523641995,3.4370229287643452
2479.669769242261,16,0.1601907692122006,4.484474963267614
8075.571919865879,20,0.17668757730152268,1.57931773125117
2802.7122323130325,8,0.40482077877560785,3.215705284743381
2839.5758411540855,1,0.18763141500516273,1.0458646028441887
5425.047216704383,12,0.177005857821735,4.491048374764021
4720.84943873628,13,0.2026054403838249,1.7232237798756462
6204.884681784573,11,0.38374224896754383,1.793770533820859
4472.719253849985,12,0.3947910233936639,4.192177040650612
3179.931376795552,16,0.020824136950338024,2.112254781468992
5120.332729420622,17,0.09586198307811011,2.9650660524931847
4974.396380056803,4,0.2971556313658631,2.3241099863414383
2414.8968506542046,15,0.31466610103634723,3.1630945092751697
4027.2974037488134,12,0.48856252399036343,4.949133719497038
5896.246557946516,11,0.4899174764164856,1.0777783002429673
5784.124742002297,6,0.44847687958596927,1.5540435210130483
4269.323876650466,14,0.10250324818667594,3.6974774519302396
5373.773633462291,17,0.005420397818304723,3.553288921940131
4975.1942903328745,18,0.0518783816950768,2.4985727296871736
2971.7734646540175,10,0.0987090950754902,3.8195357560143046
3762.4924788966846,19,0.03407746330823053,2.147453902532714
6346.832874095733,10,0.24318595688239486,3.032458468551431
6047.848313479072,8,0.17739236851993717,2.2072785084634226
4717.2592232447705,9,0.11496202867240585,2.6782096189251625
3740.8445276962334,8,0.4394005628305414,4.50807241255213
8667.655477034214,16,0.2772150994550689,4.766817936475394
4808.258382224149,18,0.35744465178572643,3.8134216706898743
2770.1911164912576,17,0.4479560231811241,2.261292166519989
5395.169259708591,16,0.19131624640570993,1.9292283290542396
4657.079185461467,10,0.011814551378075633,3.9799699036173677
6989.237157135971,18,0.4270734736612653,3.193938240685737
2169.145630734038,16,0.2824092811625324,1.4239353165482918
4873.41153989864,17,0.110561730268668,4.625200545415067
3086.339870514176,14,0.002616378557260046,2.4355475699904705
7793.965694030552,19,0.10538102531574411,2.3828830822613147
4686.077310701932,1,0.39308994530750707,4.8112086503093705
3240.0488297489374,14,0.20249834933285243,4.39922160573463
7691.245153984524,5,0.12678884114954397,4.1233719781779845
5013.48159898946,10,0.4191225170514348,4.406175378491206
4890.495072271754,10,0.4740523175445341,1.482566781962471
5022.077514984856,16,0.1930154253975055,3.5925010278244436
4862.381999972721,12,0.3290179857754678,1.4171024279351503
5946.661441438933,12,0.37021389171476515,4.896244687199748
5239.358176455557,9,0.41910066195854173,1.720849437800826
3747.68001563001,18,0.3623713908788276,1.9786626054363725
5038.304658410355,15,0.2349819966831389,4.554748795732503
4331.964611976724,20,0.39395136200314396,1.3321179032417136
6852.204308819779,12,0.07835850470232386,1.1853541064835862
3750.5913783675587,17,0.44962703234990264,2.9325133239773264
2927.7112118834975,8,0.4702791815165657,4.016806011467992
7696.999823227623,13,0.4938456250768675,4.635040269333979
6731.451136806689,10,0.45202031406439963,2.3524364727344316
6061.794179625063,11,0.17111520368038968,2.240242795470077
6254.968197508499,7,0.46412689594330947,4.643348833525357
3508.133899717098,1,0.12518225993385518,3.4036254361347713
2997.4770252804874,3,0.36736412469584995,4.103288210611955
4964.869893422527,6,0.02943142145706934,4.427122059408845
10294.091788368729,2,0.02982350162258557,1.5375855151290412
7948.169794721419,12,0.33818042048221963,2.059786013351376
6168.220972790789,18,0.028454752562809493,4.106996503888976
5577.676205424631,12,0.268697406432588,1.625609280584389
4860.403985070429,9,0.1383478660829383,4.691646463696211
3952.87121443704,15,0.07412937307031625,4.446636194537776
4721.625423194227,17,0.12035281275214765,1.6432163835489906
5265.741973529832,19,0.2198678313488049,1.1664862931755073
4378.227413683788,17,0.31046817868476057,4.87561931836733
4467.163257244107,17,0.23199815373305238,1.8391701440131185
4873.08969758067,5,0.33572089928445165,2.3496820415120503
6004.803160723356,20,0.2423931143448133,1.0261437574284922
3740.6587597289013,20,0.08951859455388239,4.61092985788626
9619.037427353844,4,0.14108486367750706,4.429895486731221
1315.3101641382946,7,0.04138152485186247,2.336731622865979
5509.961272857068,16,0.3236214799374161,1.6433336583248304
4790.587455245448,4,0.3171690140054305,1.6541152901568492
5275.80874288033,16,0.14687869634620804,1.6483484085377507
6068.420320623223,17,0.43663754312338793,2.640711288222242
7077.5279808643245,6,0.06934733178078922,4.079055518416164
4568.667125990919,11,0.13467350590684196,3.5210413780025553
5152.485042595795,14,0.4017208560058237,1.8935759932189624
5902.7141314890005,12,0.05101670573135686,1.4813973309762378
4799.71778592149,5,0.18473001257210708,2.568032711203762
4917.048277687286,16,0.14901704318180903,2.6160011346533016
4395.05609767754,8,0.04571739029149935,4.313555617600093
6787.941043984849,15,0.47430339427682106,1.3305774058924906
5514.314213967177,10,0.028432404237771436,4.90641977740956
3020.691145014527,11,0.020196068961072122,4.212342492686954
5983.714738591584,10,0.27382309303275126,2.6427446808596797
3290.594578563137,19,0.29233717453222874,2.3055565830868265
4632.322978521037,12,0.3220925827616166,2.021242174966807
3310.829925832053,12,0.3562993955258704,2.099015520507583
6862.383142521792,4,0.24314889383121507,1.0711463434290662
2562.376061728169,14,0.1501762204918326,1.7866289533092528
7111.249786668515,18,0.46565272359735543,2.525877050820461
5759.2442182641835,11,0.16448888044902388,1.1135140191600588
5295.078953066338,19,0.3698090741880886,4.821153655329701
5032.95573986265,10,0.19930236232846377,4.499638806270024
5965.386591752541,14,0.3594325674073737,4.0567328365528175
3765.4621413894997,18,0.3813077795453892,2.6335584438268853
3327.3680746658847,11,0.37981634237259465,4.612279345007294
6540.7990485212,7,0.22707210069342793,4.801707214048716
5331.174660773232,18,0.09191168770854241,4.562829433487196
5305.412902523443,5,0.1166618521228821,4.573890572171566
5549.51527872634,17,0.4599336327364705,2.554266122715823
5171.68064442477,7,0.20080198596089477,3.9764760786768174
7533.349680983858,12,0.37552712612204825,3.233656871897837
6086.884905817826,9,0.07782682433834609,4.804161715048113
3274.2674249740385,5,0.18080459448701264,4.012063195095312
5901.85709603477,16,0.20943298914629255,2.7900613247156554
4901.65870995105,9,0.35038440115499986,4.968503257792314
3509.786903262854,1,0.12895823985260896,3.2205109115476884
2898.432467923198,11,0.30445032241028847,3.2747278830078383
4962.936169949589,18,0.0158887438798348,1.598573437985635
5934.001981515735,9,0.397273826105277,2.1183327293305956
3869.841799517138,1,0.2033979954234797,4.91225123229704
6230.257885919894,16,0.15816908351622183,1.0573288941760839
5581.358229149395,20,0.23055470068063566,2.6386815266090524
6759.624455246535,4,0.08212023045023081,4.3749887972257
1910.0890292206122,2,0.4645262235591651,4.74284044332218
3711.171066734595,8,0.22736981427998781,4.220721536890981
4658.661939707127,13,0.015057176148941087,3.9642379621594865
5853.062604481589,2,0.4094841670138922,3.1288142335202074
4506.033840237596,9,0.2768907902710326,4.1609285181757745
5512.330152862323,20,0.17157262661390232,3.29069597738504
6365.139749311481,15,0.024096332394389186,4.3397557720957245
8079.416077301263,10,0.44444308201496047,3.8954608012080523
4777.502039558785,2,0.19023586060284653,3.3894884916282386
2921.2427371084314,15,0.294204341009258,1.2070324831995478
3440.4501335139803,8,0.43129798407901476,4.067620633850478
4502.346374572909,17,0.1367886532840752,2.594239009680121
6780.508258871441,15,0.4021291273105323,1.3107370910049703
3000.2072205701024,2,0.2587660660169066,4.5262578084181335
4038.45475318418,18,0.0963187161345549,1.6125427467884346
3805.359161658443,10,0.2668674644419907,4.303017621063945
7371.545563090007,10,0.2503654415231329,2.417212562575591
5206.772291521857,4,0.3561866866697652,3.572495987131095
5162.240347167523,15,0.28154784845809533,1.2995357527646112
3412.461178244772,11,0.2773624235012858,1.969315548161655
4519.9522947776195,1,0.2351643652081689,1.8427478488809532
4498.508591268704,5,0.20320758566508396,3.6913746360061226
3301.250883104324,14,0.4632998356356137,2.4356423774434806
4985.851038068062,12,0.3206415446637339,2.958488468350799
4007.0738350125566,6,0.31150032169406405,3.536845543722217
5989.733534188772,6,0.04114273137501112,1.518204502495308
3149.1730377989834,12,0.20720389286838276,3.8020304874133446
5023.948759675737,9,0.40626147202048635,1.375990425679971
3954.7287692286864,6,0.12761847590109776,2.8018319844935817
5096.045284176863,15,0.053914178816892255,4.908139452116838
4451.461888647729,14,0.12986588778354285,1.9784819744190982
4566.973086641665,9,0.340719708785101,2.1865651460266564
5982.922605304357,19,0.25192824792899515,1.3160113808406013
3249.232096764962,16,0.2655691884685791,3.1292644538031014
4895.027246419445,12,0.404717160108347,2.4703841788301406
7133.389727821007,3,0.49039989026032893,4.991239562179128
6258.276529483004,20,0.3253974934897083,2.9121487499667524
3656.454587420771,8,0.4817619724738656,1.426241636758304
7019.9412006372795,16,0.14166108886640666,2.5877235154250258
3053.622125640116,5,0.06291438529196897,4.188924600381924
3176.3537462970608,19,0.37203749522248575,1.1482679483237597
6047.194199179679,1,0.017501837805774578,3.191414644274822
4466.443956307357,11,0.46596702351202685,4.674239673456679
6834.0301915602595,8,0.4270157583616323,1.893999550030299
3270.492193096502,19,0.0707779276372672,3.883109766977159
5873.046399298141,8,0.09970838247707292,4.982465635355261
6245.479779201895,16,0.3796602354225519,4.323451335769873
7343.198475030773,9,0.4181854827466426,1.938173786638997
5009.435571330759,3,0.21401929377460227,2.6474978472223674
7131.5324903856,4,0.26311172299699304,3.206422982528649
4564.601556089001,13,0.1512654052656079,4.837368044575014
5405.780159905684,2,0.01843062942405682,2.4012369891052763
5866.696329118663,17,0.2491266122700263,3.774925965268
1849.9897153828879,17,0.002893330529050331,2.3333288812139887
1665.1208387333286,8,0.2507445944341913,2.1093396997081233
5015.671358402186,1,0.18419400539687136,3.207638340760784
4388.4243635209,10,0.05926494015661904,3.437570739722508
4941.417212405302,16,0.3161993103878852,1.2099094643608765
4262.036577789275,12,0.48719847226854596,3.2367087031376554
5809.790705397524,18,0.08885975024554327,2.386240540278888
5387.323227398253,14,0.48251876035302194,3.2480398961738666
6459.680122650543,8,0.14249499044197045,4.185158701163743
5078.217071001816,9,0.23333927618204126,2.765364853620663
3349.9260713535546,12,0.12298712481598878,1.9173963833879015
5824.1519955530675,19,0.024714159471474817,1.1192184768950462
4401.646247881559,10,0.2496088995095061,2.995462975753071
5683.896300987287,10,0.4493838415834202,3.3169171044012784
3513.311703576887,10,0.08815896292841174,1.8290001779907112
5083.785493959325,7,0.3939635677923284,1.95012963404444
3470.947453810524,13,0.49228982336090027,4.121326169333024
3315.2520312408906,6,0.006755079783784479,2.8220371295128595
4432.1328668857695,3,0.1265283834898746,1.2934108341973825
5394.3521378929145,12,0.4193026741375263,4.706489576090284
6713.203775439748,3,0.2862264023667031,2.2226560643272415
8156.8164594517275,8,0.2968293660342844,3.221743668209601
6530.150807805009,1,0.46715461479382153,3.991972806559797
4887.070604591508,3,0.3631723934649246,1.0764408055457184
6296.551175091404,16,0.42776741675630897,4.551146500875351
5657.588003343969,3,0.13374558288218402,4.571879894018851
5699.881088647551,18,0.45333874747447017,4.9134369185090865
5612.242615102007,13,0.33932663535556795,4.777919469019881
3545.2976362319646,8,0.46696142497981896,1.4927853670634388
2661.2052935715437,7,0.07475195952006819,2.354299927502683
7118.8459061985595,9,0.3422570814642747,1.733090954031439
6367.971496475108,18,0.2857882355933083,4.914769936290064
6417.345194972832,14,0.2667908634277768,3.70340057745771
4103.705629034546,8,0.31073201852197846,1.7963116884691677
6131.5960402922865,13,0.11779285960737262,1.663610480281275
5969.353034011789,2,0.4010569745240754,3.956397364632449
5509.994484592506,19,0.20994256539299022,3.1671670022355887
4838.296596638479,18,0.17710284186070424,2.827965496284299
4270.034476288947,13,0.12618048566355283,3.113492397992022
4445.783733348952,10,0.3692187824798901,3.7883008727479734
4490.0708097423285,8,0.10077160759923398,2.2844448598157183
6421.555337722485,12,0.4369147621160223,1.4921662372870395
5498.453545259881,9,0.29281582499113795,1.793489758351777
3980.9565026538658,19,0.17216634360775368,1.5608256021017106
6162.1382933908935,1,0.1397166761105214,1.038834681936081
6753.924544995628,15,0.001961319624608382,3.0035895814719256
4311.068087950757,15,0.3039722947719138,3.8716402003055963
6027.874489460577,20,0.16651368492190083,1.894405730148614
4058.67594457356,20,0.24182830236495428,3.9382029115742423
3592.2104534074497,11,0.3607399282377034,3.3559118291019447
7702.244493120255,16,0.3857564312271973,1.6555340322725973
3936.0676334078144,16,0.09043568793851497,4.603072226168267
2422.490084667581,18,0.43217710323461905,1.0306788901773043
4542.6145133879245,1,0.22061736433876555,3.313458031316299
5149.562881879809,14,0.37096428047639424,1.738253573940879
6665.492175411426,2,0.481737672439682,1.7971277040022478
4376.155545132051,2,0.056655840895998566,4.477845900454961
4953.942740529692,6,0.32505124908362215,4.4243873166545225
3096.790720648944,8,0.4621267118948463,2.412243276834864
8248.344331270433,15,0.0026212661888289635,2.5963560241043275
7598.8619731934705,11,0.4350390668443068,1.0096143466223486
3904.747825978583,17,0.3292278810297054,1.6857930718043148
5492.084742603686,17,0.1455497971398481,1.92622505818224
5568.567968286446,2,0.12186677596501211,1.1996016231169313
4136.521019101698,17,0.22290393113131113,4.9695322885469
4650.395536324231,1,0.3640896264072732,4.814965191261868
6872.27762646167,15,0.2814959117223841,4.6013739989471665
4064.40738239654,4,0.2690237662963493,4.622148412390587
4295.499829127275,12,0.09613035317967245,2.112605769766341
5289.262159824167,14,0.05459534887151596,2.807066222416278
8234.275447674097,4,0.1499779241824481,1.6192613702867993
5367.440961744807,10,0.08112004003946077,1.0350916989136545
7570.070008463617,2,0.4974364288943329,3.738868136325395
7519.142601768739,16,0.141253093840483,1.087115172627711
4529.846341392662,1,0.021144843768798383,1.8123933073091494
5648.594961491352,3,0.05303722867380384,2.8300065062621775
5843.819306312514,1,0.2877336855680545,4.964552683065364
5462.862725716667,12,0.04061974131103763,4.942071457749451
2839.4072788322087,13,0.20292533145790181,3.278506783053619
5096.399637579556,13,0.37625939008309844,1.6165766109950144
4385.446717113874,7,0.23521166105984592,4.055966106428878
7163.009390120192,7,0.018698466894068455,4.960044198445619
5011.019927153984,20,0.4630314573502154,4.860444542147767
5705.410929866121,16,0.1079576813390532,3.4899712552088142
7024.991844501938,9,0.19240011340925461,1.516246230034946
6264.828044995039,5,0.14427496332188322,3.3209972344279377
6757.889641645459,2,0.08189668722179444,2.145991346259325
2850.4265496796606,4,0.24883910978944862,3.283135219917917
6243.98692428174,3,0.07342070602612305,3.927560368870881
4778.0092829080195,6,0.2870965988211723,1.787289415697599
5381.719066728733,9,0.46184395543941165,2.1360171581114575
5292.400742797296,15,0.20900944308310881,4.29613473509509
4419.57520194728,20,0.16832695713166823,2.071806311506814
5410.051741447079,19,0.12179547085137721,4.173009561603978
3643.89001006359,1,0.45608778289366614,4.7059735630731865
3617.3684236069685,12,0.35559276076638907,3.301520240962321
3471.3340347515914,3,0.4094994840826839,2.117568511581862
3771.1518164320746,5,0.3813422204745798,3.9978119046950944
2965.0782782998967,16,0.33091555523672317,3.167268683638486
6369.726570887649,1,0.2412385697483302,4.214556529982829
3603.70751067033,1,0.06027920067786979,2.383452025242459
7421.306708126139,13,0.14333306058507495,1.6143204802211395
6872.425944178608,15,0.2208745263189008,2.832405363529279
3494.498423447942,10,0.37613549570100613,4.5980564401188095
5700.590346794251,11,0.2484674525614518,4.6562621065544665
3472.6507932863574,15,0.29330179520122557,3.135404656974147
1895.5485548584443,18,0.07336316125202491,3.6122653443311195
6500.548596230095,16,0.45402354644419757,4.120333892219624
7201.71785737115,7,0.1465176192064726,4.461903657900887
4465.7283084240225,3,0.41613707413215156,2.3552256830115224
1592.7064565555133,6,0.4158033330390785,2.8816828902990377
4923.055532146132,20,0.4181876437403626,1.5420460471409405
5013.516385373816,14,0.2673834466398045,3.6461081049178232
5215.4331773631575,7,0.17838610210970635,2.396990680209453
8457.612332011056,8,0.09651738571545926,4.077242042176568
7244.324843092929,9,0.09345748107143909,2.142011979544522
3078.1445394015846,19,0.23708363925797493,3.2112057480439904
7440.175685207521,8,0.23810442632810336,4.951734148871285
4525.828955679088,7,0.24513561118382787,4.533835379342257
3218.657250229104,4,0.019691237627014413,2.726593381932483
5480.945624917384,18,0.16536930431977348,4.2648546881673
3511.6065874891046,3,0.3305828047996555,4.893363639984013
4488.358799917581,11,0.23396546607969737,2.663678855380335
5861.646036743274,16,0.2825149270051983,2.605468009733766
6115.380198877976,14,0.1940516150333942,4.807605718312873
3393.881173946391,8,0.27879161453977486,4.833748738153236
5014.402173906484,3,0.1564005466612376,2.670343812333644
6286.294089218833,6,0.17565184926539618,1.214650062575807
6058.647167158691,11,0.19262785820780043,2.0395431033309586
4979.161913809949,7,0.11048845528286838,4.582286233713674
4464.192498900915,10,0.3356622038431707,4.154671996549486
4338.204293172999,11,0.3386488618046055,1.5225736077529275
4724.314238981,12,0.3890956406999364,4.344281159696049
5049.8440701554555,20,0.09001168865363779,2.5371816225627275
6952.377127580458,11,0.2426752731494694,4.340398823594612
4722.063664627736,20,0.08183021019487813,2.173235586707384
6528.773127030665,8,0.42841974310024256,3.2579995544677836
3356.8844302761336,12,0.2547334131221994,2.0320696387520947
5246.9992095555435,20,0.18498277828637938,4.388333547900372
6968.242753255501,3,0.11445120763503386,3.228949406492955
5562.751126170228,18,0.40155609639728407,3.1921488163238045
6213.217656348253,18,0.44009800553058476,2.3103717417185483
3890.4794334750222,1,0.21990142641592492,3.9869877343170534
6655.303706166824,14,0.005752689235720476,3.3645574523982766
7078.294827100605,7,0.12547365590855347,2.0461040886932516
5866.172322295437,3,0.3788244678389701,3.375511421193616
5913.626432562767,13,0.24592344467244948,4.044995104443408
7304.347940436728,1,0.2374865808824822,2.1393774896544677
6129.963577712097,10,0.2223508380644887,1.6571227404723872
5893.871599577938,2,0.11031784762510649,1.3996455817282945
7003.96591533569,20,0.170535704375693,4.770362080130971
3672.500024860563,14,0.24580299002606149,4.068532608077964
6620.971500892387,2,0.3077957802159715,2.1385877220348966
4907.488655510721,5,0.3969072673520685,3.6804554065857253
6832.877814977148,14,0.2913026188997077,1.5161833275351673
7409.8355844249345,20,0.43191956577107604,3.4269486643978166
7887.445147195953,9,0.42860515327465015,4.015928067707046
